Model,MAE,RMSE,MAPE
ARIMA,765.0506016083788,965.0884113610418,23.2189430074826
