Model,MAE,RMSE,MAPE
LSTM,131.3808344280909,194.66425731281817,3.7995290371733623
