Model,MAE,RMSE,MAPE
Prophet,786.6363080035197,959.7840821003531,24.742144242214405
